{
    "1_AIT_001_PV": {
        "0": 167.63463000526622
    },
    "1_AIT_002_PV": {
        "0": 0.62157366231096
    },
    "1_AIT_003_PV": {
        "0": 11.752449222429549
    },
    "1_AIT_004_PV": {
        "0": 487.7914326186899
    },
    "1_AIT_005_PV": {
        "0": 0.3011777074713064
    },
    "1_FIT_001_PV": {
        "0": 0.52463305257827
    },
    "1_LS_001_AL": {
        "0": 0.0
    },
    "1_LS_002_AL": {
        "0": 0.0
    },
    "1_LT_001_PV": {
        "0": 56.91862791729214
    },
    "1_MV_001_STATUS": {
        "0": 1.2702221641681843
    },
    "1_MV_002_STATUS": {
        "0": 1.0
    },
    "1_MV_003_STATUS": {
        "0": 1.0
    },
    "1_MV_004_STATUS": {
        "0": 1.2793243391829205
    },
    "1_P_001_STATUS": {
        "0": 1.2740424321739152
    },
    "1_P_002_STATUS": {
        "0": 1.0
    },
    "1_P_003_STATUS": {
        "0": 1.2740424321739152
    },
    "1_P_004_STATUS": {
        "0": 1.0
    },
    "1_P_005_STATUS": {
        "0": 1.228087609054556
    },
    "1_P_006_STATUS": {
        "0": 1.0
    },
    "2_DPIT_001_PV": {
        "0": 2517.4200871662224
    },
    "2_FIC_101_CO": {
        "0": 63.48356970460506
    },
    "2_FIC_101_PV": {
        "0": 0.12012238578531265
    },
    "2_FIC_101_SP": {
        "0": 0.22033430031886556
    },
    "2_FIC_201_CO": {
        "0": 64.13318895365495
    },
    "2_FIC_201_PV": {
        "0": 0.111340609260161
    },
    "2_FIC_201_SP": {
        "0": 0.20900982224717074
    },
    "2_FIC_301_CO": {
        "0": 67.28903391982149
    },
    "2_FIC_301_PV": {
        "0": 0.1023902117026193
    },
    "2_FIC_301_SP": {
        "0": 0.21290253562951753
    },
    "2_FIC_401_CO": {
        "0": 58.47078380822275
    },
    "2_FIC_401_PV": {
        "0": 0.1256973276033998
    },
    "2_FIC_401_SP": {
        "0": 0.2131078429994684
    },
    "2_FIC_501_CO": {
        "0": 61.67128893464869
    },
    "2_FIC_501_PV": {
        "0": 0.11044698382268202
    },
    "2_FIC_501_SP": {
        "0": 0.21988597893024237
    },
    "2_FIC_601_CO": {
        "0": 65.06257377618732
    },
    "2_FIC_601_PV": {
        "0": 0.0969349684515803
    },
    "2_FIC_601_SP": {
        "0": 0.21788704705105233
    },
    "2_FIT_001_PV": {
        "0": 0.5151829597639406
    },
    "2_FIT_002_PV": {
        "0": 0.2848327991680194
    },
    "2_FIT_003_PV": {
        "0": 0.21117374060049857
    },
    "2_FQ_101_PV": {
        "0": 0.12010272844706643
    },
    "2_FQ_201_PV": {
        "0": 0.1113272544936719
    },
    "2_FQ_301_PV": {
        "0": 0.10239854327765938
    },
    "2_FQ_401_PV": {
        "0": 0.12567093869036156
    },
    "2_FQ_501_PV": {
        "0": 0.1104421120476917
    },
    "2_FQ_601_PV": {
        "0": 0.09693908273149575
    },
    "2_LS_001_AL": {
        "0": 0.0
    },
    "2_LS_002_AL": {
        "0": 0.0
    },
    "2_LS_101_AH": {
        "0": 0.001966764247053367
    },
    "2_LS_101_AL": {
        "0": 0.004096392116077947
    },
    "2_LS_201_AH": {
        "0": 0.00138144727062891
    },
    "2_LS_201_AL": {
        "0": 0.0030753942829081656
    },
    "2_LS_301_AH": {
        "0": 0.003101849287492322
    },
    "2_LS_301_AL": {
        "0": 0.002838952679437269
    },
    "2_LS_401_AH": {
        "0": 0.0017542974914868622
    },
    "2_LS_401_AL": {
        "0": 0.0039037666139495586
    },
    "2_LS_501_AH": {
        "0": 0.002668648587426763
    },
    "2_LS_501_AL": {
        "0": 0.0029737078590378148
    },
    "2_LS_601_AH": {
        "0": 0.008635078840047255
    },
    "2_LS_601_AL": {
        "0": 0.003093582098559773
    },
    "2_LT_001_PV": {
        "0": 69.68296392727848
    },
    "2_LT_002_PV": {
        "0": 75.16469398636407
    },
    "2_MCV_007_CO": {
        "0": 0.0
    },
    "2_MCV_101_CO": {
        "0": 10.93825739219792
    },
    "2_MCV_201_CO": {
        "0": 12.121096190462808
    },
    "2_MCV_301_CO": {
        "0": 17.074283301377886
    },
    "2_MCV_401_CO": {
        "0": 10.461371188714288
    },
    "2_MCV_501_CO": {
        "0": 13.375856412412029
    },
    "2_MCV_601_CO": {
        "0": 17.443258761856182
    },
    "2_MV_001_STATUS": {
        "0": 1.0
    },
    "2_MV_002_STATUS": {
        "0": 1.0
    },
    "2_MV_003_STATUS": {
        "0": 1.2182777626671935
    },
    "2_MV_004_STATUS": {
        "0": 2.0
    },
    "2_MV_005_STATUS": {
        "0": 2.0
    },
    "2_MV_006_STATUS": {
        "0": 1.1551172659414137
    },
    "2_MV_009_STATUS": {
        "0": 2.0
    },
    "2_MV_101_STATUS": {
        "0": 1.4659503423029578
    },
    "2_MV_201_STATUS": {
        "0": 1.5127079094676674
    },
    "2_MV_301_STATUS": {
        "0": 1.57334691356902
    },
    "2_MV_401_STATUS": {
        "0": 1.4225798424439133
    },
    "2_MV_501_STATUS": {
        "0": 1.502323493449493
    },
    "2_MV_601_STATUS": {
        "0": 1.5453831470046735
    },
    "2_P_001_STATUS": {
        "0": 0.0
    },
    "2_P_002_STATUS": {
        "0": 0.0
    },
    "2_P_003_SPEED": {
        "0": 3.554499527941485
    },
    "2_P_003_STATUS": {
        "0": 1.1652239044114547
    },
    "2_P_004_SPEED": {
        "0": 0.02703036678681204
    },
    "2_P_004_STATUS": {
        "0": 1.0
    },
    "2_PIC_003_CO": {
        "0": 45.607862086448364
    },
    "2_PIC_003_PV": {
        "0": 0.2222014662238209
    },
    "2_PIC_003_SP": {
        "0": 1.0
    },
    "2_PIT_001_PV": {
        "0": 152.44176575994896
    },
    "2_PIT_002_PV": {
        "0": 89.41284652559318
    },
    "2_PIT_003_PV": {
        "0": 0.2221888793049112
    },
    "2_SV_101_STATUS": {
        "0": 1.0
    },
    "2_SV_201_STATUS": {
        "0": 1.0
    },
    "2_SV_301_STATUS": {
        "0": 1.0
    },
    "2_SV_401_STATUS": {
        "0": 1.0
    },
    "2_SV_501_STATUS": {
        "0": 1.0
    },
    "2_SV_601_STATUS": {
        "0": 1.0
    },
    "2A_AIT_001_PV": {
        "0": 0.1714859416179385
    },
    "2A_AIT_002_PV": {
        "0": 0.0013670293615828685
    },
    "2A_AIT_003_PV": {
        "0": 8.618100510581588
    },
    "2A_AIT_004_PV": {
        "0": 483.0742206835145
    },
    "2B_AIT_001_PV": {
        "0": 0.18784708958408589
    },
    "2B_AIT_003_PV": {
        "0": 8.584488708276531
    },
    "2B_AIT_004_PV": {
        "0": 487.36923543052626
    },
    "3_AIT_001_PV": {
        "0": 0.002774992807854069
    },
    "3_AIT_002_PV": {
        "0": 7170.077595393494
    },
    "3_AIT_003_PV": {
        "0": 8.79275082490551
    },
    "3_AIT_004_PV": {
        "0": 628.7879639775853
    },
    "3_AIT_005_PV": {
        "0": 0.6767802805678897
    },
    "3_FIT_001_PV": {
        "0": 0.5253720268202124
    },
    "3_LS_001_AL": {
        "0": 1.0
    },
    "3_LT_001_PV": {
        "0": 65.13923565919671
    },
    "3_MV_001_STATUS": {
        "0": 1.0
    },
    "3_MV_002_STATUS": {
        "0": 1.0
    },
    "3_MV_003_STATUS": {
        "0": 1.0
    },
    "3_P_001_STATUS": {
        "0": 1.0
    },
    "3_P_002_STATUS": {
        "0": 1.0
    },
    "3_P_003_STATUS": {
        "0": 1.0
    },
    "3_P_004_STATUS": {
        "0": 1.0
    },
    "LEAK_DIFF_PRESSURE": {
        "0": 63.0236174548467
    },
    "PLANT_START_STOP_LOG": {
        "0": 1.0
    },
    "TOTAL_CONS_REQUIRED_FLOW": {
        "0": 0.5486839709953943
    }
}