{
    "1_AIT_001_PV": {
        "0": 165.901
    },
    "1_AIT_002_PV": {
        "0": 0.625471
    },
    "1_AIT_003_PV": {
        "0": 11.7881
    },
    "1_AIT_004_PV": {
        "0": 492.987
    },
    "1_AIT_005_PV": {
        "0": 0.299229
    },
    "1_FIT_001_PV": {
        "0": 0.00118881
    },
    "1_LS_001_AL": {
        "0": 0.0
    },
    "1_LS_002_AL": {
        "0": 0.0
    },
    "1_LT_001_PV": {
        "0": 57.2914
    },
    "1_MV_001_STATUS": {
        "0": 1.0
    },
    "1_MV_002_STATUS": {
        "0": 1.0
    },
    "1_MV_003_STATUS": {
        "0": 1.0
    },
    "1_MV_004_STATUS": {
        "0": 1.0
    },
    "1_P_001_STATUS": {
        "0": 1.0
    },
    "1_P_002_STATUS": {
        "0": 1.0
    },
    "1_P_003_STATUS": {
        "0": 1.0
    },
    "1_P_004_STATUS": {
        "0": 1.0
    },
    "1_P_005_STATUS": {
        "0": 1.0
    },
    "1_P_006_STATUS": {
        "0": 1.0
    },
    "2_DPIT_001_PV": {
        "0": 2542.33
    },
    "2_FIC_101_CO": {
        "0": 73.6648
    },
    "2_FIC_101_PV": {
        "0": 0.0761416
    },
    "2_FIC_101_SP": {
        "0": 0.19
    },
    "2_FIC_201_CO": {
        "0": 99.9948
    },
    "2_FIC_201_PV": {
        "0": 0.0623802
    },
    "2_FIC_201_SP": {
        "0": 0.17
    },
    "2_FIC_301_CO": {
        "0": 100.0
    },
    "2_FIC_301_PV": {
        "0": 0.0514391
    },
    "2_FIC_301_SP": {
        "0": 0.17
    },
    "2_FIC_401_CO": {
        "0": 40.5236
    },
    "2_FIC_401_PV": {
        "0": 0.0962528
    },
    "2_FIC_401_SP": {
        "0": 0.2
    },
    "2_FIC_501_CO": {
        "0": 92.6124
    },
    "2_FIC_501_PV": {
        "0": 0.0518899
    },
    "2_FIC_501_SP": {
        "0": 0.17
    },
    "2_FIC_601_CO": {
        "0": 100.0
    },
    "2_FIC_601_PV": {
        "0": 0.0501245
    },
    "2_FIC_601_SP": {
        "0": 0.18
    },
    "2_FIT_001_PV": {
        "0": 0.0
    },
    "2_FIT_002_PV": {
        "0": 0.249139
    },
    "2_FIT_003_PV": {
        "0": 0.0
    },
    "2_FQ_101_PV": {
        "0": 0.0760729
    },
    "2_FQ_201_PV": {
        "0": 0.0623802
    },
    "2_FQ_301_PV": {
        "0": 0.0514391
    },
    "2_FQ_401_PV": {
        "0": 0.0962443
    },
    "2_FQ_501_PV": {
        "0": 0.0518899
    },
    "2_FQ_601_PV": {
        "0": 0.0501245
    },
    "2_LS_001_AL": {
        "0": 0.0
    },
    "2_LS_002_AL": {
        "0": 0.0
    },
    "2_LS_101_AH": {
        "0": 0.0
    },
    "2_LS_101_AL": {
        "0": 0.0
    },
    "2_LS_201_AH": {
        "0": 0.0
    },
    "2_LS_201_AL": {
        "0": 0.0
    },
    "2_LS_301_AH": {
        "0": 0.0
    },
    "2_LS_301_AL": {
        "0": 0.0
    },
    "2_LS_401_AH": {
        "0": 0.0
    },
    "2_LS_401_AL": {
        "0": 0.0
    },
    "2_LS_501_AH": {
        "0": 0.0
    },
    "2_LS_501_AL": {
        "0": 0.0
    },
    "2_LS_601_AH": {
        "0": 0.0
    },
    "2_LS_601_AL": {
        "0": 0.0
    },
    "2_LT_001_PV": {
        "0": 69.6396
    },
    "2_LT_002_PV": {
        "0": 75.3859
    },
    "2_MCV_007_CO": {
        "0": 0.0
    },
    "2_MCV_101_CO": {
        "0": 0.0
    },
    "2_MCV_201_CO": {
        "0": 0.0
    },
    "2_MCV_301_CO": {
        "0": 15.6699
    },
    "2_MCV_401_CO": {
        "0": 0.0
    },
    "2_MCV_501_CO": {
        "0": 0.0
    },
    "2_MCV_601_CO": {
        "0": 13.7846
    },
    "2_MV_001_STATUS": {
        "0": 1.0
    },
    "2_MV_002_STATUS": {
        "0": 1.0
    },
    "2_MV_003_STATUS": {
        "0": 1.0
    },
    "2_MV_004_STATUS": {
        "0": 2.0
    },
    "2_MV_005_STATUS": {
        "0": 2.0
    },
    "2_MV_006_STATUS": {
        "0": 1.0
    },
    "2_MV_009_STATUS": {
        "0": 2.0
    },
    "2_MV_101_STATUS": {
        "0": 1.0
    },
    "2_MV_201_STATUS": {
        "0": 2.0
    },
    "2_MV_301_STATUS": {
        "0": 2.0
    },
    "2_MV_401_STATUS": {
        "0": 1.0
    },
    "2_MV_501_STATUS": {
        "0": 2.0
    },
    "2_MV_601_STATUS": {
        "0": 2.0
    },
    "2_P_001_STATUS": {
        "0": 0.0
    },
    "2_P_002_STATUS": {
        "0": 0.0
    },
    "2_P_003_SPEED": {
        "0": -0.0124693
    },
    "2_P_003_STATUS": {
        "0": 1.0
    },
    "2_P_004_SPEED": {
        "0": 0.0316069
    },
    "2_P_004_STATUS": {
        "0": 1.0
    },
    "2_PIC_003_CO": {
        "0": 50.0
    },
    "2_PIC_003_PV": {
        "0": 0.0276097
    },
    "2_PIC_003_SP": {
        "0": 1.0
    },
    "2_PIT_001_PV": {
        "0": 152.555
    },
    "2_PIT_002_PV": {
        "0": 90.8059
    },
    "2_PIT_003_PV": {
        "0": 0.0276077
    },
    "2_SV_101_STATUS": {
        "0": 1.0
    },
    "2_SV_201_STATUS": {
        "0": 1.0
    },
    "2_SV_301_STATUS": {
        "0": 1.0
    },
    "2_SV_401_STATUS": {
        "0": 1.0
    },
    "2_SV_501_STATUS": {
        "0": 1.0
    },
    "2_SV_601_STATUS": {
        "0": 1.0
    },
    "2A_AIT_001_PV": {
        "0": 0.169922
    },
    "2A_AIT_002_PV": {
        "0": 4.4739300000000003e-41
    },
    "2A_AIT_003_PV": {
        "0": 8.625
    },
    "2A_AIT_004_PV": {
        "0": 483.587
    },
    "2B_AIT_001_PV": {
        "0": 0.185547
    },
    "2B_AIT_003_PV": {
        "0": 8.59092
    },
    "2B_AIT_004_PV": {
        "0": 487.784
    },
    "3_AIT_001_PV": {
        "0": 0.0
    },
    "3_AIT_002_PV": {
        "0": 8279.1
    },
    "3_AIT_003_PV": {
        "0": 6.64619
    },
    "3_AIT_004_PV": {
        "0": 685.927
    },
    "3_AIT_005_PV": {
        "0": 0.742647
    },
    "3_FIT_001_PV": {
        "0": 0.627277
    },
    "3_LS_001_AL": {
        "0": 1.0
    },
    "3_LT_001_PV": {
        "0": 64.4583
    },
    "3_MV_001_STATUS": {
        "0": 1.0
    },
    "3_MV_002_STATUS": {
        "0": 1.0
    },
    "3_MV_003_STATUS": {
        "0": 1.0
    },
    "3_P_001_STATUS": {
        "0": 1.0
    },
    "3_P_002_STATUS": {
        "0": 1.0
    },
    "3_P_003_STATUS": {
        "0": 1.0
    },
    "3_P_004_STATUS": {
        "0": 1.0
    },
    "LEAK_DIFF_PRESSURE": {
        "0": 61.7166
    },
    "PLANT_START_STOP_LOG": {
        "0": 1.0
    },
    "TOTAL_CONS_REQUIRED_FLOW": {
        "0": 0.53
    }
}