{
    "P1_STATE":{
        "0":2.5622301341
    },
    "LIT101.Pv":{
        "0":746.6318816575
    },
    "FIT101.Pv":{
        "0":0.5044570924
    },
    "MV101.Status":{
        "0":1.06969169
    },
    "P101.Status":{
        "0":1.6248769033
    },
    "P102.Status":{
        "0":1
    },
    "P2_STATE":{
        "0":2
    },
    "FIT201.Pv":{
        "0":1.4551253746
    },
    "AIT201.Pv":{
        "0":42.0587121912
    },
    "AIT202.Pv":{
        "0":8.0948415868
    },
    "AIT203.Pv":{
        "0":148.2678019824
    },
    "MV201.Status":{
        "0":1.6185895008
    },
    "P201.Status":{
        "0":1.6199530339
    },
    "P202.Status":{
        "0":1
    },
    "P203.Status":{
        "0":1.6199530339
    },
    "P204.Status":{
        "0":1
    },
    "P205.Status":{
        "0":1
    },
    "P206.Status":{
        "0":1
    },
    "P207.Status":{
        "0":1
    },
    "P208.Status":{
        "0":1
    },
    "LS201.Alarm":{
        "0":0
    },
    "LS202.Alarm":{
        "0":0
    },
    "LSL203.Alarm":{
        "0":0
    },
    "LSLL203.Alarm":{
        "0":0
    },
    "P3_STATE":{
        "0":23.8800090902
    },
    "AIT301.Pv":{
        "0":7.3723625992
    },
    "AIT302.Pv":{
        "0":168.2395051489
    },
    "AIT303.Pv":{
        "0":46.449725669
    },
    "LIT301.Pv":{
        "0":901.441176844
    },
    "FIT301.Pv":{
        "0":1.4585337623
    },
    "DPIT301.Pv":{
        "0":11.0900997151
    },
    "MV301.Status":{
        "0":1.0043178547
    },
    "MV302.Status":{
        "0":1.7653965609
    },
    "MV303.Status":{
        "0":1.0194682221
    },
    "MV304.Status":{
        "0":1.0218165291
    },
    "P301.Status":{
        "0":1.7891068858
    },
    "P302.Status":{
        "0":1
    },
    "PSH301.Alarm":{
        "0":0
    },
    "DPSH301.Alarm":{
        "0":0
    },
    "P4_STATE":{
        "0":4
    },
    "LIT401.Pv":{
        "0":891.9135346781
    },
    "FIT401.Pv":{
        "0":1.3615838235
    },
    "AIT401.Pv":{
        "0":0
    },
    "AIT402.Pv":{
        "0":195.0429409511
    },
    "P401.Status":{
        "0":2
    },
    "P402.Status":{
        "0":1
    },
    "P403.Status":{
        "0":2
    },
    "P404.Status":{
        "0":1
    },
    "UV401.Status":{
        "0":2
    },
    "LS401.Alarm":{
        "0":0
    },
    "P5_STATE":{
        "0":12
    },
    "FIT501.Pv":{
        "0":1.3692093338
    },
    "FIT502.Pv":{
        "0":1.2254382397
    },
    "FIT503.Pv":{
        "0":0.1125574328
    },
    "FIT504.Pv":{
        "0":0
    },
    "AIT501.Pv":{
        "0":7.100821378
    },
    "AIT502.Pv":{
        "0":201.5267384153
    },
    "AIT503.Pv":{
        "0":42.3360021779
    },
    "AIT504.Pv":{
        "0":1.608108
    },
    "PIT501.Pv":{
        "0":220.9003454938
    },
    "PIT502.Pv":{
        "0":3.4182054233
    },
    "PIT503.Pv":{
        "0":193.9339356239
    },
    "P501.Status":{
        "0":2
    },
    "P502.Status":{
        "0":1
    },
    "MV501.Status":{
        "0":2
    },
    "MV502.Status":{
        "0":2
    },
    "MV503.Status":{
        "0":1
    },
    "MV504.Status":{
        "0":1
    },
    "PSH501.Alarm":{
        "0":0
    },
    "PSL501.Alarm":{
        "0":0
    },
    "P6_STATE":{
        "0":2
    },
    "FIT601.Pv":{
        "0":0.0137637201
    },
    "P601.Status":{
        "0":1.3001287781
    },
    "P602.Status":{
        "0":1.0071206727
    },
    "P603.Status":{
        "0":1
    },
    "LSH601.Alarm":{
        "0":0.1268843269
    },
    "LSL601.Alarm":{
        "0":0
    },
    "LSH602.Alarm":{
        "0":1
    },
    "LSL602.Alarm":{
        "0":0
    },
    "LSH603.Alarm":{
        "0":0
    },
    "LSL603.Alarm":{
        "0":1
    }
}