{
    "P1_STATE": {
        "0": 3.0
    },
    "LIT101.Pv": {
        "0": 773.0046
    },
    "FIT101.Pv": {
        "0": 0.0
    },
    "MV101.Status": {
        "0": 1.0
    },
    "P101.Status": {
        "0": 2.0
    },
    "P102.Status": {
        "0": 1.0
    },
    "P2_STATE": {
        "0": 2.0
    },
    "FIT201.Pv": {
        "0": 2.32198119
    },
    "AIT201.Pv": {
        "0": 41.3035126
    },
    "AIT202.Pv": {
        "0": 8.067995
    },
    "AIT203.Pv": {
        "0": 149.75647
    },
    "MV201.Status": {
        "0": 2.0
    },
    "P201.Status": {
        "0": 2.0
    },
    "P202.Status": {
        "0": 1.0
    },
    "P203.Status": {
        "0": 2.0
    },
    "P204.Status": {
        "0": 1.0
    },
    "P205.Status": {
        "0": 1.0
    },
    "P206.Status": {
        "0": 1.0
    },
    "P207.Status": {
        "0": 1.0
    },
    "P208.Status": {
        "0": 1.0
    },
    "LS201.Alarm": {
        "0": 0.0
    },
    "LS202.Alarm": {
        "0": 0.0
    },
    "LSL203.Alarm": {
        "0": 0.0
    },
    "LSLL203.Alarm": {
        "0": 0.0
    },
    "P3_STATE": {
        "0": 7.0
    },
    "AIT301.Pv": {
        "0": 7.38680458
    },
    "AIT302.Pv": {
        "0": 169.255386
    },
    "AIT303.Pv": {
        "0": 45.3294029
    },
    "LIT301.Pv": {
        "0": 895.323364
    },
    "FIT301.Pv": {
        "0": 1.82903624
    },
    "DPIT301.Pv": {
        "0": 13.7972984
    },
    "MV301.Status": {
        "0": 1.0
    },
    "MV302.Status": {
        "0": 2.0
    },
    "MV303.Status": {
        "0": 1.0
    },
    "MV304.Status": {
        "0": 1.0
    },
    "P301.Status": {
        "0": 2.0
    },
    "P302.Status": {
        "0": 1.0
    },
    "PSH301.Alarm": {
        "0": 0.0
    },
    "DPSH301.Alarm": {
        "0": 0.0
    },
    "P4_STATE": {
        "0": 4.0
    },
    "LIT401.Pv": {
        "0": 899.0387
    },
    "FIT401.Pv": {
        "0": 1.361931
    },
    "AIT401.Pv": {
        "0": 0.0
    },
    "AIT402.Pv": {
        "0": 195.052551
    },
    "P401.Status": {
        "0": 2.0
    },
    "P402.Status": {
        "0": 1.0
    },
    "P403.Status": {
        "0": 2.0
    },
    "P404.Status": {
        "0": 1.0
    },
    "UV401.Status": {
        "0": 2.0
    },
    "LS401.Alarm": {
        "0": 0.0
    },
    "P5_STATE": {
        "0": 12.0
    },
    "FIT501.Pv": {
        "0": 1.36990511
    },
    "FIT502.Pv": {
        "0": 1.22531068
    },
    "FIT503.Pv": {
        "0": 0.113049328
    },
    "FIT504.Pv": {
        "0": 0.0
    },
    "AIT501.Pv": {
        "0": 7.102538
    },
    "AIT502.Pv": {
        "0": 203.717
    },
    "AIT503.Pv": {
        "0": 45.14868
    },
    "AIT504.Pv": {
        "0": 1.84568059
    },
    "PIT501.Pv": {
        "0": 221.177261
    },
    "PIT502.Pv": {
        "0": 3.41203976
    },
    "PIT503.Pv": {
        "0": 194.213028
    },
    "P501.Status": {
        "0": 2.0
    },
    "P502.Status": {
        "0": 1.0
    },
    "MV501.Status": {
        "0": 2.0
    },
    "MV502.Status": {
        "0": 2.0
    },
    "MV503.Status": {
        "0": 1.0
    },
    "MV504.Status": {
        "0": 1.0
    },
    "PSH501.Alarm": {
        "0": 0.0
    },
    "PSL501.Alarm": {
        "0": 0.0
    },
    "P6_STATE": {
        "0": 2.0
    },
    "FIT601.Pv": {
        "0": 0.000256303
    },
    "P601.Status": {
        "0": 1.0
    },
    "P602.Status": {
        "0": 1.0
    },
    "P603.Status": {
        "0": 1.0
    },
    "LSH601.Alarm": {
        "0": 0.0
    },
    "LSL601.Alarm": {
        "0": 0.0
    },
    "LSH602.Alarm": {
        "0": 1.0
    },
    "LSL602.Alarm": {
        "0": 0.0
    },
    "LSH603.Alarm": {
        "0": 0.0
    },
    "LSL603.Alarm": {
        "0": 1.0
    }
}