{
    "POT_CCM":{
        "0":72.569442749
    },
    "TURB1":{
        "0":1.0561342239
    },
    "CAUDAL_PURGA":{
        "0":0.0318287052
    },
    "REDOX_SAL":{
        "0":402.6041564941
    },
    "CLORO_SAL":{
        "0":0.3645833135
    },
    "CAUDAL_TERCIARIO":{
        "0":1079.8610839844
    },
    "FT1":{
        "0":1259.6354370117
    },
    "pH_Entrada":{
        "0":8.3732643127
    },
    "SH2_AguaBruta":{
        "0":1.0127314329
    },
    "SH2_Pretratamiento":{
        "0":0.1446759254
    },
    "POT_CCM3":{
        "0":187.2685241699
    },
    "Redox_Bio_Lin_1":{
        "0":-7.8125
    },
    "Redox_Bio_Lin_2":{
        "0":-143.2291259766
    },
    "reserva4":{
        "0":79.195602417
    },
    "ODZ3_L2":{
        "0":0.263310194
    },
    "SAB":{
        "0":1.1240741014
    },
    "FT10":{
        "0":130.251739502
    },
    "TT5":{
        "0":50.5208320618
    },
    "TT6":{
        "0":45.5729141235
    },
    "SM2":{
        "0":2.0254628658
    },
    "SM3":{
        "0":0.0578703694
    },
    "SN1":{
        "0":0.0578703694
    },
    "SAB2":{
        "0":4.0219907761
    },
    "CLOR2":{
        "0":446.7592468262
    },
    "POTASIO2":{
        "0":37.3263893127
    },
    "REe":{
        "0":37.2487640381
    },
    "TT7":{
        "0":43.2291679382
    },
    "TT8":{
        "0":46.5277786255
    },
    "FT11":{
        "0":0.0069444445
    },
    "FT12":{
        "0":129.5572967529
    },
    "FIT13_PLC4":{
        "0":0.0318287052
    }
}