{
    "POT_CCM": {
        "0": 49.82638931274414
    },
    "TURB1": {
        "0": 2.329282522201538
    },
    "CAUDAL_PURGA": {
        "0": 18.30150604248047
    },
    "REDOX_SAL": {
        "0": 326.8229064941406
    },
    "CLORO_SAL": {
        "0": 0.2777777910232544
    },
    "CAUDAL_TERCIARIO": {
        "0": 542.013916015625
    },
    "FT1": {
        "0": 583.3333740234375
    },
    "pH_Entrada": {
        "0": 7.984375
    },
    "SH2_AguaBruta": {
        "0": 3.472222328186035
    },
    "SH2_Pretratamiento": {
        "0": 0.694444477558136
    },
    "POT_CCM3": {
        "0": 173.61111450195312
    },
    "Redox_Bio_Lin_1": {
        "0": 53.8194580078125
    },
    "Redox_Bio_Lin_2": {
        "0": -93.75
    },
    "reserva4": {
        "0": 61.16897964477539
    },
    "ODZ3_L2": {
        "0": 0.2662037014961242
    },
    "SAB": {
        "0": 2.423553466796875
    },
    "FT10": {
        "0": 0.217013880610466
    },
    "TT5": {
        "0": 53.81944274902344
    },
    "TT6": {
        "0": 50.89699172973633
    },
    "SM2": {
        "0": 2.314814805984497
    },
    "SM3": {
        "0": 0.0578703694045543
    },
    "SN1": {
        "0": 0.0578703694045543
    },
    "SAB2": {
        "0": 2.025462865829468
    },
    "CLOR2": {
        "0": 434.317138671875
    },
    "POTASIO2": {
        "0": 37.32638931274414
    },
    "REe": {
        "0": 0.0
    },
    "TT7": {
        "0": 46.9618034362793
    },
    "TT8": {
        "0": 49.73958206176758
    },
    "FT11": {
        "0": 0.0069444444961845
    },
    "FT12": {
        "0": 0.086805559694767
    },
    "FIT13_PLC4": {
        "0": 18.30150604248047
    }
}