{
    "PUERTO.PLC11.CLORO_PLC11": {
        "0": 1.1523705212836926
    },
    "PUERTO.PLC11.TURBIDEZ_PLC11": {
        "0": 0.0736209718492117
    },
    "PUERTO.PLC12.OZONO_POWER_CONVERTER": {
        "0": 42.23639568631315
    },
    "PUERTO.PLC1A.CNSG_Q_SAL_BALSON": {
        "0": 458.3884168063904
    },
    "PUERTO.PLC1B.Q_ENT_PLANTA": {
        "0": 1895.8005549948648
    },
    "PUERTO.PLC1B.VRE_REGU": {
        "0": 33.93189465399838
    },
    "PUERTO.PLC1B.VRE_REGU_1": {
        "0": 33.93189465399838
    },
    "PUERTO.PLC2.Q_DEC1_VALOR": {
        "0": 957.2394053419163
    },
    "PUERTO.PLC2.Q_DEC2_VALOR": {
        "0": 2.309940742737673
    },
    "PUERTO.PLC2.Q_DEC3_VALOR": {
        "0": 981.957111796663
    },
    "PUERTO.PLC3.CLORO_DECL1": {
        "0": 1.1362176755767681
    },
    "PUERTO.PLC3.MRAD1_TELEM": {
        "0": 0.02432143685437174
    },
    "PUERTO.PLC3.MRAD2_TELEM": {
        "0": 0.0
    },
    "PUERTO.PLC3.MRAD3_TELEM": {
        "0": 0.0
    },
    "PUERTO.PLC3.MRTD1_TELEM": {
        "0": 3.802006699135804e-06
    },
    "PUERTO.PLC3.MRTD2_TELEM": {
        "0": 0.0
    },
    "PUERTO.PLC3.MRTD3_TELEM": {
        "0": 7.604013398271608e-06
    },
    "PUERTO.PLC3.PHL1": {
        "0": 7.495376195526115
    },
    "PUERTO.PLC3.PH_PLC2": {
        "0": 8.473885566397396
    },
    "PUERTO.PLC3.TURBIDEZL1": {
        "0": 0.9590395443360344
    },
    "PUERTO.PLC3.VPFD1_TELEM": {
        "0": 0.0002851505024351853
    },
    "PUERTO.PLC3.VPFD2_TELEM": {
        "0": 0.0
    },
    "PUERTO.PLC3.VPFD3_TELEM": {
        "0": 0.00027374448233777787
    },
    "PUERTO.PLC4.CONDUCTIVIDAD": {
        "0": 788.2021679111815
    },
    "PUERTO.PLC5A.F1_PASO_0": {
        "0": 0.0
    },
    "PUERTO.PLC5A.F1_PASO_1": {
        "0": 0.9918675076705485
    },
    "PUERTO.PLC5A.F2_PASO_0": {
        "0": 1.9010033495679018e-05
    },
    "PUERTO.PLC5A.F2_PASO_1": {
        "0": 0.9888715263916295
    },
    "PUERTO.PLC5A.F3_PASO_0": {
        "0": 5.322809378790125e-05
    },
    "PUERTO.PLC5A.F3_PASO_1": {
        "0": 0.993673460852638
    },
    "PUERTO.PLC5A.F4_PASO_0": {
        "0": 8.364414738098769e-05
    },
    "PUERTO.PLC5A.F4_PASO_1": {
        "0": 0.9929586835932005
    },
    "PUERTO.PLC5A.F5_PASO_0": {
        "0": 0.000212912375151605
    },
    "PUERTO.PLC5A.F5_PASO_1": {
        "0": 0.9926697310840662
    },
    "PUERTO.PLC5A.F6_PASO_0": {
        "0": 0.0008174314403141978
    },
    "PUERTO.PLC5A.F6_PASO_1": {
        "0": 0.9913542367661652
    },
    "PUERTO.PLC5B.F10_PASO_0": {
        "0": 2.2812040194814824e-05
    },
    "PUERTO.PLC5B.F10_PASO_1": {
        "0": 0.5817830651017607
    },
    "PUERTO.PLC5B.F11_PASO_0": {
        "0": 0.0004904588641885187
    },
    "PUERTO.PLC5B.F11_PASO_1": {
        "0": 0.9437379048661884
    },
    "PUERTO.PLC5B.F12_PASO_0": {
        "0": 6.843612058444447e-05
    },
    "PUERTO.PLC5B.F12_PASO_1": {
        "0": 0.9461940011938301
    },
    "PUERTO.PLC5B.F7_PASO_0": {
        "0": 3.0416053593086432e-05
    },
    "PUERTO.PLC5B.F7_PASO_1": {
        "0": 0.9353886981548861
    },
    "PUERTO.PLC5B.F8_PASO_0": {
        "0": 0.0
    },
    "PUERTO.PLC5B.F8_PASO_1": {
        "0": 0.0
    },
    "PUERTO.PLC5B.F9_PASO_0": {
        "0": 1.9010033495679018e-05
    },
    "PUERTO.PLC5B.F9_PASO_1": {
        "0": 0.9364000319368563
    },
    "PUERTO.PLC7.TURBIDEZ_PLC2": {
        "0": 31.598243648999663
    },
    "PUERTO.PLC9.DOSIFICACION_CLORO_POST": {
        "0": 1.2000000476837158
    },
    "PUERTO.PLC9.DOSIFICACION_CLORO_PRE": {
        "0": 2.0999999046325684
    }
}