{
    "1_AIT_001_PV":{
        "0":171.273
    },
    "1_AIT_002_PV":{
        "0":0.6014765
    },
    "1_AIT_003_PV":{
        "0":11.54355
    },
    "1_AIT_004_PV":{
        "0":505.0795
    },
    "1_AIT_005_PV":{
        "0":0.3184405
    },
    "1_FIT_001_PV":{
        "0":0.001224055
    },
    "1_LS_001_AL":{
        "0":0
    },
    "1_LS_002_AL":{
        "0":0
    },
    "1_LT_001_PV":{
        "0":41.53805
    },
    "1_MV_001_STATUS":{
        "0":1
    },
    "1_MV_002_STATUS":{
        "0":1
    },
    "1_MV_003_STATUS":{
        "0":1
    },
    "1_MV_004_STATUS":{
        "0":1
    },
    "1_P_001_STATUS":{
        "0":1
    },
    "1_P_002_STATUS":{
        "0":1
    },
    "1_P_003_STATUS":{
        "0":1
    },
    "1_P_004_STATUS":{
        "0":1
    },
    "1_P_005_STATUS":{
        "0":1
    },
    "1_P_006_STATUS":{
        "0":1
    },
    "2_DPIT_001_PV":{
        "0":2524.53
    },
    "2_FIC_101_CO":{
        "0":32.5287
    },
    "2_FIC_101_PV":{
        "0":0.123837
    },
    "2_FIC_101_SP":{
        "0":0.13
    },
    "2_FIC_201_CO":{
        "0":32.8115
    },
    "2_FIC_201_PV":{
        "0":0.112685
    },
    "2_FIC_201_SP":{
        "0":0.11
    },
    "2_FIC_301_CO":{
        "0":28.3065
    },
    "2_FIC_301_PV":{
        "0":0.0929233
    },
    "2_FIC_301_SP":{
        "0":0.1
    },
    "2_FIC_401_CO":{
        "0":32.4821
    },
    "2_FIC_401_PV":{
        "0":0.143962
    },
    "2_FIC_401_SP":{
        "0":0.15
    },
    "2_FIC_501_CO":{
        "0":26.481
    },
    "2_FIC_501_PV":{
        "0":0.102674
    },
    "2_FIC_501_SP":{
        "0":0.1
    },
    "2_FIC_601_CO":{
        "0":27.5104
    },
    "2_FIC_601_PV":{
        "0":0.08388
    },
    "2_FIC_601_SP":{
        "0":0.09
    },
    "2_FIT_001_PV":{
        "0":0
    },
    "2_FIT_002_PV":{
        "0":0.629816
    },
    "2_FIT_003_PV":{
        "0":0
    },
    "2_FQ_101_PV":{
        "0":0.122584
    },
    "2_FQ_201_PV":{
        "0":0.0979479
    },
    "2_FQ_301_PV":{
        "0":0.0634107
    },
    "2_FQ_401_PV":{
        "0":0.1349165
    },
    "2_FQ_501_PV":{
        "0":0.0864333
    },
    "2_FQ_601_PV":{
        "0":0.0582253
    },
    "2_LS_001_AL":{
        "0":0
    },
    "2_LS_002_AL":{
        "0":0
    },
    "2_LS_101_AH":{
        "0":0
    },
    "2_LS_101_AL":{
        "0":0
    },
    "2_LS_201_AH":{
        "0":0
    },
    "2_LS_201_AL":{
        "0":0
    },
    "2_LS_301_AH":{
        "0":0
    },
    "2_LS_301_AL":{
        "0":0
    },
    "2_LS_401_AH":{
        "0":0
    },
    "2_LS_401_AL":{
        "0":0
    },
    "2_LS_501_AH":{
        "0":0
    },
    "2_LS_501_AL":{
        "0":0
    },
    "2_LS_601_AH":{
        "0":0
    },
    "2_LS_601_AL":{
        "0":0
    },
    "2_LT_001_PV":{
        "0":70.3826
    },
    "2_LT_002_PV":{
        "0":77.7777
    },
    "2_MCV_007_CO":{
        "0":0
    },
    "2_MCV_101_CO":{
        "0":26.342
    },
    "2_MCV_201_CO":{
        "0":26.9601
    },
    "2_MCV_301_CO":{
        "0":30.93885
    },
    "2_MCV_401_CO":{
        "0":26.4394
    },
    "2_MCV_501_CO":{
        "0":31.9331
    },
    "2_MCV_601_CO":{
        "0":30.8656
    },
    "2_MV_001_STATUS":{
        "0":1
    },
    "2_MV_002_STATUS":{
        "0":1
    },
    "2_MV_003_STATUS":{
        "0":1
    },
    "2_MV_004_STATUS":{
        "0":2
    },
    "2_MV_005_STATUS":{
        "0":2
    },
    "2_MV_006_STATUS":{
        "0":1
    },
    "2_MV_009_STATUS":{
        "0":2
    },
    "2_MV_101_STATUS":{
        "0":1
    },
    "2_MV_201_STATUS":{
        "0":1
    },
    "2_MV_301_STATUS":{
        "0":1
    },
    "2_MV_401_STATUS":{
        "0":1
    },
    "2_MV_501_STATUS":{
        "0":1
    },
    "2_MV_601_STATUS":{
        "0":1
    },
    "2_P_001_STATUS":{
        "0":0
    },
    "2_P_002_STATUS":{
        "0":0
    },
    "2_P_003_SPEED":{
        "0":-0.01569425
    },
    "2_P_003_STATUS":{
        "0":1
    },
    "2_P_004_SPEED":{
        "0":0.0291277
    },
    "2_P_004_STATUS":{
        "0":1
    },
    "2_PIC_003_CO":{
        "0":50
    },
    "2_PIC_003_PV":{
        "0":0.0144724
    },
    "2_PIC_003_SP":{
        "0":1
    },
    "2_PIT_001_PV":{
        "0":154.555
    },
    "2_PIT_002_PV":{
        "0":90.22035
    },
    "2_PIT_003_PV":{
        "0":0.01449155
    },
    "2_SV_101_STATUS":{
        "0":1
    },
    "2_SV_201_STATUS":{
        "0":1
    },
    "2_SV_301_STATUS":{
        "0":1
    },
    "2_SV_401_STATUS":{
        "0":1
    },
    "2_SV_501_STATUS":{
        "0":1
    },
    "2_SV_601_STATUS":{
        "0":1
    },
    "2A_AIT_001_PV":{
        "0":0.177734
    },
    "2A_AIT_002_PV":{
        "0":0.2114675
    },
    "2A_AIT_003_PV":{
        "0":8.516815
    },
    "2A_AIT_004_PV":{
        "0":477.5215
    },
    "2B_AIT_001_PV":{
        "0":0.198242
    },
    "2B_AIT_002_PV":{
        "0":109.019585
    },
    "2B_AIT_003_PV":{
        "0":8.59138
    },
    "2B_AIT_004_PV":{
        "0":475.9305
    },
    "3_AIT_001_PV":{
        "0":0
    },
    "3_AIT_002_PV":{
        "0":0
    },
    "3_AIT_003_PV":{
        "0":1.19856
    },
    "3_AIT_004_PV":{
        "0":616.1925
    },
    "3_AIT_005_PV":{
        "0":0.3754445
    },
    "3_FIT_001_PV":{
        "0":0.001262985
    },
    "3_LS_001_AL":{
        "0":1
    },
    "3_LT_001_PV":{
        "0":64.32375
    },
    "3_MV_001_STATUS":{
        "0":1
    },
    "3_MV_002_STATUS":{
        "0":1
    },
    "3_MV_003_STATUS":{
        "0":1
    },
    "3_P_001_STATUS":{
        "0":1
    },
    "3_P_002_STATUS":{
        "0":1
    },
    "3_P_003_STATUS":{
        "0":1
    },
    "3_P_004_STATUS":{
        "0":1
    },
    "LEAK_DIFF_PRESSURE":{
        "0":63.8695
    },
    "PLANT_START_STOP_LOG":{
        "0":1
    },
    "TOTAL_CONS_REQUIRED_FLOW":{
        "0":0.68
    }
}