{
    "1_AIT_001_PV":{
        "0":0.7821122855
    },
    "1_AIT_002_PV":{
        "0":0.3018148688
    },
    "1_AIT_003_PV":{
        "0":0.9650725777
    },
    "1_AIT_004_PV":{
        "0":0.9260408492
    },
    "1_AIT_005_PV":{
        "0":0.4361255358
    },
    "1_FIT_001_PV":{
        "0":0.2532045254
    },
    "1_LS_001_AL":{
        "0":0.0
    },
    "1_LS_002_AL":{
        "0":0.0
    },
    "1_LT_001_PV":{
        "0":0.5680140032
    },
    "1_MV_001_STATUS":{
        "0":0.6357154882
    },
    "1_MV_002_STATUS":{
        "0":0.0
    },
    "1_MV_003_STATUS":{
        "0":0.0
    },
    "1_MV_004_STATUS":{
        "0":0.6388573232
    },
    "1_P_001_STATUS":{
        "0":0.2749915825
    },
    "1_P_002_STATUS":{
        "0":0.0
    },
    "1_P_003_STATUS":{
        "0":0.2749915825
    },
    "1_P_004_STATUS":{
        "0":0.0
    },
    "1_P_005_STATUS":{
        "0":0.22878367
    },
    "1_P_006_STATUS":{
        "0":0.0
    },
    "2_DPIT_001_PV":{
        "0":0.9064123056
    },
    "2_FIC_101_CO":{
        "0":0.6067181174
    },
    "2_FIC_101_PV":{
        "0":0.0330830013
    },
    "2_FIC_101_SP":{
        "0":0.3145927529
    },
    "2_FIC_201_CO":{
        "0":0.6079941345
    },
    "2_FIC_201_PV":{
        "0":0.0323061406
    },
    "2_FIC_201_SP":{
        "0":0.2972995103
    },
    "2_FIC_301_CO":{
        "0":0.6599972291
    },
    "2_FIC_301_PV":{
        "0":0.0270283182
    },
    "2_FIC_301_SP":{
        "0":0.336523569
    },
    "2_FIC_401_CO":{
        "0":0.5762944458
    },
    "2_FIC_401_PV":{
        "0":0.036001561
    },
    "2_FIC_401_SP":{
        "0":0.3136285334
    },
    "2_FIC_501_CO":{
        "0":0.5988618173
    },
    "2_FIC_501_PV":{
        "0":0.030433016
    },
    "2_FIC_501_SP":{
        "0":0.124398307
    },
    "2_FIC_601_CO":{
        "0":0.641635871
    },
    "2_FIC_601_PV":{
        "0":0.0253265204
    },
    "2_FIC_601_SP":{
        "0":0.3179110231
    },
    "2_FIT_001_PV":{
        "0":0.2232696708
    },
    "2_FIT_002_PV":{
        "0":0.2425641829
    },
    "2_FIT_003_PV":{
        "0":0.0415667451
    },
    "2_FQ_101_PV":{
        "0":0.0338444041
    },
    "2_FQ_201_PV":{
        "0":0.0322635098
    },
    "2_FQ_301_PV":{
        "0":0.0281316211
    },
    "2_FQ_401_PV":{
        "0":0.0364159082
    },
    "2_FQ_501_PV":{
        "0":0.0304273133
    },
    "2_FQ_601_PV":{
        "0":0.0256587408
    },
    "2_LS_001_AL":{
        "0":0.0
    },
    "2_LS_002_AL":{
        "0":0.0
    },
    "2_LS_101_AH":{
        "0":0.0020159933
    },
    "2_LS_101_AL":{
        "0":0.0040782828
    },
    "2_LS_201_AH":{
        "0":0.0014015152
    },
    "2_LS_201_AL":{
        "0":0.0030513468
    },
    "2_LS_301_AH":{
        "0":0.0031776094
    },
    "2_LS_301_AL":{
        "0":0.0029040404
    },
    "2_LS_401_AH":{
        "0":0.0017550505
    },
    "2_LS_401_AL":{
        "0":0.0038804714
    },
    "2_LS_501_AH":{
        "0":0.002706229
    },
    "2_LS_501_AL":{
        "0":0.0029166667
    },
    "2_LS_601_AH":{
        "0":0.0087794613
    },
    "2_LS_601_AL":{
        "0":0.0030639731
    },
    "2_LT_001_PV":{
        "0":0.3842376713
    },
    "2_LT_002_PV":{
        "0":0.8405439923
    },
    "2_MCV_007_CO":{
        "0":0.0
    },
    "2_MCV_101_CO":{
        "0":0.1075220839
    },
    "2_MCV_201_CO":{
        "0":0.1211713734
    },
    "2_MCV_301_CO":{
        "0":0.1707783493
    },
    "2_MCV_401_CO":{
        "0":0.1043732091
    },
    "2_MCV_501_CO":{
        "0":0.1335081693
    },
    "2_MCV_601_CO":{
        "0":0.1744445627
    },
    "2_MV_001_STATUS":{
        "0":0.0
    },
    "2_MV_002_STATUS":{
        "0":0.0
    },
    "2_MV_003_STATUS":{
        "0":0.6100652357
    },
    "2_MV_004_STATUS":{
        "0":0.0
    },
    "2_MV_005_STATUS":{
        "0":0.0
    },
    "2_MV_006_STATUS":{
        "0":0.5791645623
    },
    "2_MV_009_STATUS":{
        "0":0.0
    },
    "2_MV_101_STATUS":{
        "0":0.7337268519
    },
    "2_MV_201_STATUS":{
        "0":0.7566961279
    },
    "2_MV_301_STATUS":{
        "0":0.7872916667
    },
    "2_MV_401_STATUS":{
        "0":0.7121275253
    },
    "2_MV_501_STATUS":{
        "0":0.7511447811
    },
    "2_MV_601_STATUS":{
        "0":0.7766266835
    },
    "2_P_001_STATUS":{
        "0":0.0
    },
    "2_P_002_STATUS":{
        "0":0.0
    },
    "2_P_003_SPEED":{
        "0":0.0885358371
    },
    "2_P_003_STATUS":{
        "0":0.1678577441
    },
    "2_P_004_SPEED":{
        "0":0.8482225383
    },
    "2_P_004_STATUS":{
        "0":0.0
    },
    "2_PIC_003_CO":{
        "0":0.9107893112
    },
    "2_PIC_003_PV":{
        "0":0.0562772284
    },
    "2_PIC_003_SP":{
        "0":0.0
    },
    "2_PIT_001_PV":{
        "0":0.7181285973
    },
    "2_PIT_002_PV":{
        "0":0.895500298
    },
    "2_PIT_003_PV":{
        "0":0.0562939182
    },
    "2_SV_101_STATUS":{
        "0":0.0
    },
    "2_SV_201_STATUS":{
        "0":0.0
    },
    "2_SV_301_STATUS":{
        "0":0.0
    },
    "2_SV_401_STATUS":{
        "0":0.0
    },
    "2_SV_501_STATUS":{
        "0":0.0
    },
    "2_SV_601_STATUS":{
        "0":0.0
    },
    "2A_AIT_001_PV":{
        "0":0.1558245586
    },
    "2A_AIT_002_PV":{
        "0":0.0001552666
    },
    "2A_AIT_003_PV":{
        "0":0.6336945503
    },
    "2A_AIT_004_PV":{
        "0":0.5780313644
    },
    "2B_AIT_001_PV":{
        "0":0.3634841159
    },
    "2B_AIT_002_PV":{
        "0":0.0190922692
    },
    "2B_AIT_003_PV":{
        "0":0.8647343605
    },
    "2B_AIT_004_PV":{
        "0":0.8533539965
    },
    "3_AIT_001_PV":{
        "0":0.0171592998
    },
    "3_AIT_002_PV":{
        "0":0.8680998938
    },
    "3_AIT_003_PV":{
        "0":0.1638137015
    },
    "3_AIT_004_PV":{
        "0":0.5935307153
    },
    "3_AIT_005_PV":{
        "0":0.5328681277
    },
    "3_FIT_001_PV":{
        "0":0.4549961547
    },
    "3_LS_001_AL":{
        "0":0.0
    },
    "3_LT_001_PV":{
        "0":0.226893715
    },
    "3_MV_001_STATUS":{
        "0":0.0
    },
    "3_MV_002_STATUS":{
        "0":0.0
    },
    "3_MV_003_STATUS":{
        "0":0.0
    },
    "3_P_001_STATUS":{
        "0":0.0
    },
    "3_P_002_STATUS":{
        "0":0.0
    },
    "3_P_003_STATUS":{
        "0":0.0
    },
    "3_P_004_STATUS":{
        "0":0.0
    },
    "LEAK_DIFF_PRESSURE":{
        "0":0.173030319
    },
    "PLANT_START_STOP_LOG":{
        "0":0.0
    },
    "TOTAL_CONS_REQUIRED_FLOW":{
        "0":0.2439090388
    }
}