{
    "attack": 0,
    "devices": {
        "POT_CCM": 0.11216780715805998,
        "TURB1": 0.12067556922729888,
        "CAUDAL_PURGA": 0.026742583544132805,
        "REDOX_SAL": 0.09435228941664663,
        "CLORO_SAL": 0.07191203590507679,
        "CAUDAL_TERCIARIO": 0.028084310511025196,
        "FT1": 0.055436755406132174,
        "pH_Entrada": 0.049712740585308786,
        "SH2_AguaBruta": 0.51268993081201,
        "SH2_Pretratamiento": 0.4561770324106008,
        "POT_CCM3": 0.05757042049832617,
        "Redox_Bio_Lin_1": 0.12461179148507269,
        "Redox_Bio_Lin_2": 0.10295887392078439,
        "reserva4": 0.032137054025223856,
        "ODZ3_L2": 0.060353518810932344,
        "SAB": 0.09284871372737366,
        "FT10": 0.016754047312971643,
        "TT5": 0.172986796390982,
        "TT6": 0.08737618655582689,
        "SM2": 0.10569025344040789,
        "SM3": 0.16618212579431302,
        "SN1": 0.16202233321509166,
        "SAB2": 0.1737908090885275,
        "CLOR2": 0.08907648289166392,
        "POTASIO2": 0.20084051864176694,
        "REe": 0.16150186523440624,
        "TT7": 0.09238033160187563,
        "TT8": 0.10585450689972468,
        "FT11": 0.07345516539247861,
        "FT12": 0.020281312474923263,
        "FIT13_PLC4": 0.02919199910570725
    },
    "timestamp": "1759249346184",
    "valorRiesgo": 9.201787443553028
}